LogID,UserID,UserIP,Timestamp,DateTime,Event,ImageID,Type
15,1,127.0.0.1,1500370828,2017-07-18 11:40:28.201,page loaded,15,None
16,1,127.0.0.1,1500370837,2017-07-18 11:40:37.805,page loaded,16,None
17,1,127.0.0.1,1500370841,2017-07-18 11:40:41.142,started typing,16,None
18,1,127.0.0.1,1500370844,2017-07-18 11:40:44.500,submitted,16,scatter plot
19,1,127.0.0.1,1500370850,2017-07-18 11:40:50.148,page loaded,17,None
20,1,127.0.0.1,1500370851,2017-07-18 11:40:51.662,started typing,17,None
21,1,127.0.0.1,1500370854,2017-07-18 11:40:54.023,submitted,17,bar chart
22,1,127.0.0.1,1500370854,2017-07-18 11:40:54.891,page loaded,18,None
23,1,127.0.0.1,1500370855,2017-07-18 11:40:55.607,started typing,18,None
24,1,127.0.0.1,1500370858,2017-07-18 11:40:58.108,submitted,18,scatter plot
25,1,127.0.0.1,1500370858,2017-07-18 11:40:58.694,page loaded,19,None
26,1,127.0.0.1,1500370859,2017-07-18 11:40:59.444,started typing,19,None
27,1,127.0.0.1,1500370861,2017-07-18 11:41:01.083,submitted,19,line chart
28,1,127.0.0.1,1500370861,2017-07-18 11:41:01.689,page loaded,20,None
29,1,127.0.0.1,1500370862,2017-07-18 11:41:02.750,started typing,20,None
30,1,127.0.0.1,1500370864,2017-07-18 11:41:04.069,submitted,20,bar chart
31,1,127.0.0.1,1500370864,2017-07-18 11:41:04.668,page loaded,21,None
32,1,127.0.0.1,1500370865,2017-07-18 11:41:05.429,started typing,21,None
33,1,127.0.0.1,1500370866,2017-07-18 11:41:06.961,submitted,21,pie chart
34,1,127.0.0.1,1500370867,2017-07-18 11:41:07.531,page loaded,22,None
35,1,127.0.0.1,1500370868,2017-07-18 11:41:08.219,started typing,22,None
36,1,127.0.0.1,1500370870,2017-07-18 11:41:10.184,submitted,22,line chart
37,1,127.0.0.1,1500370870,2017-07-18 11:41:10.835,page loaded,23,None
38,1,127.0.0.1,1500370871,2017-07-18 11:41:11.685,started typing,23,None
39,1,127.0.0.1,1500370873,2017-07-18 11:41:13.102,submitted,23,bar chart
40,1,127.0.0.1,1500370874,2017-07-18 11:41:14.770,page loaded,24,None
41,1,127.0.0.1,1500370875,2017-07-18 11:41:15.477,started typing,24,None
42,1,127.0.0.1,1500370878,2017-07-18 11:41:18.083,submitted,24,pie chart
43,1,127.0.0.1,1500370878,2017-07-18 11:41:18.683,page loaded,25,None
44,1,127.0.0.1,1500370879,2017-07-18 11:41:19.552,started typing,25,None
45,1,127.0.0.1,1500370881,2017-07-18 11:41:21.635,submitted,25,line chart
46,1,127.0.0.1,1500370882,2017-07-18 11:41:22.246,page loaded,26,None
47,1,127.0.0.1,1500370882,2017-07-18 11:41:22.882,started typing,26,None
48,1,127.0.0.1,1500370884,2017-07-18 11:41:24.293,submitted,26,pie chart
49,1,127.0.0.1,1500370884,2017-07-18 11:41:24.880,page loaded,27,None
50,1,127.0.0.1,1500370885,2017-07-18 11:41:25.749,started typing,27,None
51,1,127.0.0.1,1500370886,2017-07-18 11:41:26.960,submitted,27,bar chart
52,1,127.0.0.1,1500370887,2017-07-18 11:41:27.589,page loaded,28,None
53,1,127.0.0.1,1500370888,2017-07-18 11:41:28.214,started typing,28,None
54,1,127.0.0.1,1500370889,2017-07-18 11:41:29.821,submitted,28,line chart
55,1,127.0.0.1,1500370890,2017-07-18 11:41:30.438,page loaded,29,None
56,1,127.0.0.1,1500370891,2017-07-18 11:41:31.219,started typing,29,None
57,1,127.0.0.1,1500370892,2017-07-18 11:41:32.553,submitted,29,bar chart
58,1,127.0.0.1,1500370893,2017-07-18 11:41:33.137,page loaded,30,None
59,1,127.0.0.1,1500370893,2017-07-18 11:41:33.888,started typing,30,None
60,1,127.0.0.1,1500370895,2017-07-18 11:41:35.230,submitted,30,pie chart
61,1,127.0.0.1,1500370895,2017-07-18 11:41:35.814,page loaded,31,None
62,1,127.0.0.1,1500370896,2017-07-18 11:41:36.511,started typing,31,None
63,1,127.0.0.1,1500370899,2017-07-18 11:41:39.189,submitted,31,bar chart
64,1,127.0.0.1,1500370899,2017-07-18 11:41:39.794,page loaded,32,None
65,1,127.0.0.1,1500370900,2017-07-18 11:41:40.997,started typing,32,None
66,1,127.0.0.1,1500370904,2017-07-18 11:41:44.557,submitted,32,scatter plot
67,1,127.0.0.1,1500370905,2017-07-18 11:41:45.731,page loaded,33,None
68,1,127.0.0.1,1500370906,2017-07-18 11:41:46.560,started typing,33,None
69,1,127.0.0.1,1500370908,2017-07-18 11:41:48.263,submitted,33,line chart
70,1,127.0.0.1,1500370908,2017-07-18 11:41:48.937,page loaded,34,None
71,1,127.0.0.1,1500370909,2017-07-18 11:41:49.509,started typing,34,None
72,1,127.0.0.1,1500370912,2017-07-18 11:41:52.553,submitted,34,scatter plot
73,1,127.0.0.1,1500370913,2017-07-18 11:41:53.136,page loaded,35,None
74,1,127.0.0.1,1500370914,2017-07-18 11:41:54.073,started typing,35,None
75,1,127.0.0.1,1500370916,2017-07-18 11:41:56.307,submitted,35,line chart
76,1,127.0.0.1,1500370916,2017-07-18 11:41:56.893,page loaded,36,None
77,1,127.0.0.1,1500370917,2017-07-18 11:41:57.879,started typing,36,None
78,1,127.0.0.1,1500370920,2017-07-18 11:42:00.424,submitted,36,scatter plot
79,1,127.0.0.1,1500370921,2017-07-18 11:42:01.057,page loaded,37,None
80,1,127.0.0.1,1500370921,2017-07-18 11:42:01.906,started typing,37,None
81,1,127.0.0.1,1500370924,2017-07-18 11:42:04.644,submitted,37,bar chaty
82,1,127.0.0.1,1500370925,2017-07-18 11:42:05.349,page loaded,38,None
83,1,127.0.0.1,1500370926,2017-07-18 11:42:06.199,started typing,38,None
84,1,127.0.0.1,1500370931,2017-07-18 11:42:11.093,submitted,38,line chart
85,1,127.0.0.1,1500370931,2017-07-18 11:42:11.667,page loaded,39,None
86,1,127.0.0.1,1500370933,2017-07-18 11:42:13.055,started typing,39,None
87,1,127.0.0.1,1500370934,2017-07-18 11:42:14.752,submitted,39,pie chart
88,1,127.0.0.1,1500370935,2017-07-18 11:42:15.397,page loaded,40,None
89,1,127.0.0.1,1500370936,2017-07-18 11:42:16.198,started typing,40,None
90,1,127.0.0.1,1500370937,2017-07-18 11:42:17.780,submitted,40,line chart
91,1,127.0.0.1,1500370938,2017-07-18 11:42:18.354,page loaded,41,None
92,1,127.0.0.1,1500370939,2017-07-18 11:42:19.053,started typing,41,None
93,1,127.0.0.1,1500370940,2017-07-18 11:42:20.444,submitted,41,bar chart
94,1,127.0.0.1,1500370941,2017-07-18 11:42:21.228,page loaded,42,None
95,1,127.0.0.1,1500370941,2017-07-18 11:42:21.828,started typing,42,None
96,1,127.0.0.1,1500370943,2017-07-18 11:42:23.664,submitted,42,line chart
97,1,127.0.0.1,1500370944,2017-07-18 11:42:24.257,page loaded,43,None
98,1,127.0.0.1,1500370944,2017-07-18 11:42:24.915,started typing,43,None
99,1,127.0.0.1,1500370948,2017-07-18 11:42:28.005,submitted,43,scatter plot
100,1,127.0.0.1,1500370948,2017-07-18 11:42:28.592,page loaded,44,None
101,1,127.0.0.1,1500370958,2017-07-18 11:42:38.426,page loaded,45,None
102,1,127.0.0.1,1500370959,2017-07-18 11:42:39.982,started typing,45,None
103,1,127.0.0.1,1500370962,2017-07-18 11:42:42.692,submitted,45,line chart
104,1,127.0.0.1,1500370963,2017-07-18 11:42:43.668,page loaded,46,None
105,1,127.0.0.1,1500371057,2017-07-18 11:44:17.063,page loaded,47,None
106,1,127.0.0.1,1500371057,2017-07-18 11:44:17.932,skip,47,None
107,1,127.0.0.1,1500371058,2017-07-18 11:44:18.492,page loaded,48,None
108,1,127.0.0.1,1500371058,2017-07-18 11:44:18.844,skip,48,None
109,1,127.0.0.1,1500371059,2017-07-18 11:44:19.373,page loaded,49,None
110,1,127.0.0.1,1500371060,2017-07-18 11:44:20.170,skip,49,None
111,1,127.0.0.1,1500371060,2017-07-18 11:44:20.816,page loaded,50,None
112,1,127.0.0.1,1500371728,2017-07-18 11:55:28.665,page loaded,51,None
113,1,127.0.0.1,1500381879,2017-07-18 14:44:39.145,page loaded,55,None
114,1,127.0.0.1,1500382735,2017-07-18 14:58:55.790,page loaded,58,None
115,1,127.0.0.1,1500383146,2017-07-18 15:05:46.033,page loaded,59,None
116,1,127.0.0.1,1500383150,2017-07-18 15:05:50.170,page loaded,60,None
117,1,127.0.0.1,1500383154,2017-07-18 15:05:54.776,page loaded,61,None
118,1,127.0.0.1,1500383156,2017-07-18 15:05:56.341,page loaded,62,None
119,1,127.0.0.1,1500383158,2017-07-18 15:05:58.223,page loaded,63,None
120,1,127.0.0.1,1500383162,2017-07-18 15:06:02.308,page loaded,64,None
121,1,127.0.0.1,1500383163,2017-07-18 15:06:03.314,page loaded,65,None
122,1,127.0.0.1,1500383270,2017-07-18 15:07:50.831,page loaded,66,None
123,1,127.0.0.1,1500383271,2017-07-18 15:07:51.711,page loaded,67,None
124,1,127.0.0.1,1500383272,2017-07-18 15:07:52.929,page loaded,68,None
125,1,127.0.0.1,1500383274,2017-07-18 15:07:54.267,page loaded,69,None
126,1,127.0.0.1,1500383275,2017-07-18 15:07:55.881,page loaded,70,None
127,1,127.0.0.1,1500383281,2017-07-18 15:08:01.797,page loaded,71,None
128,1,127.0.0.1,1500383719,2017-07-18 15:15:19.063,page loaded,72,None
129,1,127.0.0.1,1500383719,2017-07-18 15:15:19.836,page loaded,73,None
130,1,127.0.0.1,1500383721,2017-07-18 15:15:21.806,page loaded,74,None
131,1,127.0.0.1,1500383723,2017-07-18 15:15:23.316,page loaded,75,None
132,1,127.0.0.1,1500383724,2017-07-18 15:15:24.751,page loaded,76,None
133,1,127.0.0.1,1500383726,2017-07-18 15:15:26.363,page loaded,77,None
134,1,127.0.0.1,1500383728,2017-07-18 15:15:28.168,page loaded,78,None
135,1,127.0.0.1,1500383729,2017-07-18 15:15:29.272,page loaded,78,None
136,1,127.0.0.1,1500383754,2017-07-18 15:15:54.907,submitted,78,diagram of the cause of mortality
137,1,127.0.0.1,1500384251,2017-07-18 15:24:11.973,page loaded,79,None
138,1,127.0.0.1,1500384256,2017-07-18 15:24:16.787,skip,79,None
139,1,127.0.0.1,1500384257,2017-07-18 15:24:17.363,page loaded,80,None
140,1,127.0.0.1,1500384286,2017-07-18 15:24:46.366,page loaded,81,None
141,1,127.0.0.1,1500384525,2017-07-18 15:28:45.123,page loaded,57,None
142,1,127.0.0.1,1500384902,2017-07-18 15:35:02.243,page loaded,57,None
143,1,127.0.0.1,1500384921,2017-07-18 15:35:21.693,submitted,57,diagram of the cause of mortality
144,1,127.0.0.1,1500384942,2017-07-18 15:35:42.433,page loaded,57,None
145,1,127.0.0.1,1500384947,2017-07-18 15:35:47.393,skip,57,None
146,1,127.0.0.1,1500384952,2017-07-18 15:35:52.080,skip,57,None
147,1,127.0.0.1,1500384954,2017-07-18 15:35:54.473,page loaded,82,None
148,1,127.0.0.1,1500384955,2017-07-18 15:35:55.572,skip,82,None
149,1,127.0.0.1,1500384956,2017-07-18 15:35:56.136,page loaded,83,None
150,1,127.0.0.1,1500384961,2017-07-18 15:36:01.387,page loaded,84,None
151,1,127.0.0.1,1500385035,2017-07-18 15:37:15.302,page loaded,57,None
152,1,127.0.0.1,1500385046,2017-07-18 15:37:26.193,skip,57,None
153,1,127.0.0.1,1500385046,2017-07-18 15:37:26.612,page loaded,57,None
154,1,127.0.0.1,1500385048,2017-07-18 15:37:28.382,skip,57,None
155,1,127.0.0.1,1500385048,2017-07-18 15:37:28.814,page loaded,57,None
156,1,127.0.0.1,1500385050,2017-07-18 15:37:30.642,skip,57,None
157,1,127.0.0.1,1500385051,2017-07-18 15:37:31.057,page loaded,57,None
158,1,127.0.0.1,1500385052,2017-07-18 15:37:32.951,skip,57,None
159,1,127.0.0.1,1500385053,2017-07-18 15:37:33.687,page loaded,85,None
160,1,127.0.0.1,1500385057,2017-07-18 15:37:37.226,skip,85,None
161,1,127.0.0.1,1500385057,2017-07-18 15:37:37.914,page loaded,86,None
162,1,127.0.0.1,1500385061,2017-07-18 15:37:41.173,skip,86,None
163,1,127.0.0.1,1500385061,2017-07-18 15:37:41.799,page loaded,87,None
164,1,127.0.0.1,1500385063,2017-07-18 15:37:43.026,skip,87,None
165,1,127.0.0.1,1500385064,2017-07-18 15:37:44.087,page loaded,88,None
166,1,127.0.0.1,1500385064,2017-07-18 15:37:44.667,skip,88,None
167,1,127.0.0.1,1500385065,2017-07-18 15:37:45.362,page loaded,57,None
168,1,127.0.0.1,1500385255,2017-07-18 15:40:55.791,page loaded,89,None
169,1,127.0.0.1,1500385294,2017-07-18 15:41:34.728,page loaded,57,None
170,1,127.0.0.1,1500385303,2017-07-18 15:41:43.847,page loaded,57,None
171,1,127.0.0.1,1500385319,2017-07-18 15:41:59.573,page loaded,57,None
172,1,127.0.0.1,1500385478,2017-07-18 15:44:38.891,page loaded,57,None
173,1,127.0.0.1,1500385547,2017-07-18 15:45:47.732,page loaded,57,None
174,1,127.0.0.1,1500385559,2017-07-18 15:45:59.650,page loaded,57,None
175,1,127.0.0.1,1500385593,2017-07-18 15:46:33.840,page loaded,57,None
176,1,127.0.0.1,1500385602,2017-07-18 15:46:42.260,page loaded,57,None
177,1,127.0.0.1,1500385692,2017-07-18 15:48:12.964,page loaded,57,None
178,1,127.0.0.1,1500385743,2017-07-18 15:49:03.395,skip,57,None
179,1,127.0.0.1,1500386142,2017-07-18 15:55:42.055,page loaded,57,None
180,1,127.0.0.1,1500386150,2017-07-18 15:55:50.615,page loaded,57,None
181,1,127.0.0.1,1500386256,2017-07-18 15:57:36.880,page loaded,57,None
182,1,127.0.0.1,1500386477,2017-07-18 16:01:17.567,skip,57,None
183,1,127.0.0.1,1500386570,2017-07-18 16:02:50.339,page loaded,57,None
184,1,127.0.0.1,1500386588,2017-07-18 16:03:08.442,page loaded,57,None
185,1,127.0.0.1,1500386613,2017-07-18 16:03:33.714,page loaded,57,None
186,1,127.0.0.1,1500386623,2017-07-18 16:03:43.835,page loaded,57,None
187,1,127.0.0.1,1500386634,2017-07-18 16:03:54.384,page loaded,57,None
188,1,127.0.0.1,1500386656,2017-07-18 16:04:16.974,page loaded,57,None
189,1,127.0.0.1,1500386670,2017-07-18 16:04:30.390,page loaded,57,None
190,1,127.0.0.1,1500386681,2017-07-18 16:04:41.349,page loaded,57,None
191,1,127.0.0.1,1500386689,2017-07-18 16:04:49.154,page loaded,57,None
192,1,127.0.0.1,1500386700,2017-07-18 16:05:00.469,page loaded,57,None
193,1,127.0.0.1,1500386707,2017-07-18 16:05:07.951,page loaded,57,None
194,1,127.0.0.1,1500386715,2017-07-18 16:05:15.514,page loaded,57,None
195,1,127.0.0.1,1500386758,2017-07-18 16:05:58.965,submitted,57,None
196,1,127.0.0.1,1500386940,2017-07-18 16:09:00.271,submitted,57,None
197,1,127.0.0.1,1500387080,2017-07-18 16:11:20.346,page loaded,57,None
198,1,127.0.0.1,1500387081,2017-07-18 16:11:21.458,page loaded,57,None
199,1,127.0.0.1,1500387082,2017-07-18 16:11:22.293,page loaded,57,None
200,1,127.0.0.1,1500387118,2017-07-18 16:11:58.755,page loaded,57,None
201,1,127.0.0.1,1500387136,2017-07-18 16:12:16.498,page loaded,57,None
202,1,127.0.0.1,1500387159,2017-07-18 16:12:39.630,page loaded,57,None
203,1,127.0.0.1,1500387166,2017-07-18 16:12:46.803,page loaded,57,None
204,1,127.0.0.1,1500387174,2017-07-18 16:12:54.447,page loaded,57,None
205,1,127.0.0.1,1500387217,2017-07-18 16:13:37.557,page loaded,57,None
206,1,127.0.0.1,1500387226,2017-07-18 16:13:46.955,page loaded,57,None
207,1,127.0.0.1,1500387273,2017-07-18 16:14:33.934,page loaded,57,None
208,1,127.0.0.1,1500387309,2017-07-18 16:15:09.948,page loaded,57,None
209,1,127.0.0.1,1500387328,2017-07-18 16:15:28.441,page loaded,57,None
210,1,127.0.0.1,1500387373,2017-07-18 16:16:13.783,page loaded,57,None
211,1,127.0.0.1,1500387405,2017-07-18 16:16:45.967,page loaded,57,None
212,1,127.0.0.1,1500387407,2017-07-18 16:16:47.142,page loaded,57,None
213,1,127.0.0.1,1500387457,2017-07-18 16:17:37.836,page loaded,57,None
214,1,127.0.0.1,1500387617,2017-07-18 16:20:17.472,page loaded,57,None
215,1,127.0.0.1,1500387642,2017-07-18 16:20:42.509,page loaded,90,None
216,1,127.0.0.1,1500387647,2017-07-18 16:20:47.537,page loaded,91,None
217,1,127.0.0.1,1500387650,2017-07-18 16:20:50.374,page loaded,57,None
218,1,127.0.0.1,1500387753,2017-07-18 16:22:33.521,page loaded,92,None
219,1,127.0.0.1,1500387808,2017-07-18 16:23:28.154,page loaded,93,None
220,1,127.0.0.1,1500387848,2017-07-18 16:24:08.655,page loaded,94,None
221,1,127.0.0.1,1500388115,2017-07-18 16:28:35.273,page loaded,95,None
222,1,127.0.0.1,1500388129,2017-07-18 16:28:49.911,page loaded,96,None
223,1,127.0.0.1,1500388271,2017-07-18 16:31:11.203,page loaded,97,None
224,1,127.0.0.1,1500388393,2017-07-18 16:33:13.226,page loaded,98,None
225,1,127.0.0.1,1500388539,2017-07-18 16:35:39.476,page loaded,99,None
226,1,127.0.0.1,1500388546,2017-07-18 16:35:46.903,page loaded,100,None
227,1,127.0.0.1,1500388553,2017-07-18 16:35:53.104,page loaded,57,None
228,1,127.0.0.1,1500388700,2017-07-18 16:38:20.945,page loaded,57,None
229,1,127.0.0.1,1500389000,2017-07-18 16:43:20.749,page loaded,57,None
230,1,127.0.0.1,1500389024,2017-07-18 16:43:44.203,page loaded,57,None
231,1,127.0.0.1,1500389137,2017-07-18 16:45:37.408,page loaded,57,None
232,1,127.0.0.1,1500389188,2017-07-18 16:46:28.115,page loaded,57,None
233,1,127.0.0.1,1500389190,2017-07-18 16:46:30.379,page loaded,101,None
234,1,127.0.0.1,1500389192,2017-07-18 16:46:32.319,page loaded,57,None
235,1,127.0.0.1,1500389193,2017-07-18 16:46:33.600,page loaded,102,None
236,1,127.0.0.1,1500389196,2017-07-18 16:46:36.267,page loaded,57,None
237,1,127.0.0.1,1500389197,2017-07-18 16:46:37.267,page loaded,57,None
238,1,127.0.0.1,1500389197,2017-07-18 16:46:37.987,page loaded,57,None
239,1,127.0.0.1,1500389198,2017-07-18 16:46:38.949,page loaded,103,None
240,1,127.0.0.1,1500389200,2017-07-18 16:46:40.706,page loaded,57,None
241,1,127.0.0.1,1500389202,2017-07-18 16:46:42.064,page loaded,104,None
242,1,127.0.0.1,1500389203,2017-07-18 16:46:43.119,page loaded,105,None
243,1,127.0.0.1,1500389204,2017-07-18 16:46:44.112,page loaded,57,None
244,1,127.0.0.1,1500389205,2017-07-18 16:46:45.239,page loaded,57,None
245,1,127.0.0.1,1500389206,2017-07-18 16:46:46.190,page loaded,57,None
246,1,127.0.0.1,1500389207,2017-07-18 16:46:47.003,page loaded,57,None
247,1,127.0.0.1,1500389207,2017-07-18 16:46:47.787,page loaded,57,None
248,1,127.0.0.1,1500389208,2017-07-18 16:46:48.886,page loaded,106,None
249,1,127.0.0.1,1500389218,2017-07-18 16:46:58.652,page loaded,57,None
250,1,127.0.0.1,1500389219,2017-07-18 16:46:59.782,page loaded,57,None
251,1,127.0.0.1,1500389430,2017-07-18 16:50:30.792,page loaded,107,None
252,1,127.0.0.1,1500389433,2017-07-18 16:50:33.171,page loaded,108,None
253,1,127.0.0.1,1500389434,2017-07-18 16:50:34.230,page loaded,109,None
254,1,127.0.0.1,1500389469,2017-07-18 16:51:09.194,page loaded,110,None
255,1,127.0.0.1,1500389936,2017-07-18 16:58:56.243,page loaded,111,None
256,1,127.0.0.1,1500389949,2017-07-18 16:59:09.361,page loaded,112,None
257,1,127.0.0.1,1500389952,2017-07-18 16:59:12.003,page loaded,113,None
258,1,127.0.0.1,1500389953,2017-07-18 16:59:13.917,skip,113,None
259,1,127.0.0.1,1500389959,2017-07-18 16:59:19.568,page loaded,114,None
260,1,127.0.0.1,1500389964,2017-07-18 16:59:24.950,skip,114,None
261,1,127.0.0.1,1500389965,2017-07-18 16:59:25.364,page loaded,57,None
262,1,127.0.0.1,1500389967,2017-07-18 16:59:27.926,skip,57,None
263,1,127.0.0.1,1500389968,2017-07-18 16:59:28.647,page loaded,115,None
264,1,127.0.0.1,1500389970,2017-07-18 16:59:30.394,skip,115,None
265,1,127.0.0.1,1500389970,2017-07-18 16:59:30.784,page loaded,57,None
266,1,127.0.0.1,1500389983,2017-07-18 16:59:43.545,skip,57,None
267,1,127.0.0.1,1500389984,2017-07-18 16:59:44.229,page loaded,116,None
268,1,127.0.0.1,1500389997,2017-07-18 16:59:57.195,skip,116,None
269,1,127.0.0.1,1500389997,2017-07-18 16:59:57.596,page loaded,57,None
270,10,10.122.0.47,1500447841,2017-07-19 07:04:01.310,page loaded,57,None
271,1,127.0.0.1,1500448287,2017-07-19 09:11:27.858,page loaded,117,None
272,2,10.120.21.78,1500448704,2017-07-19 07:18:24.878,page loaded,57,None
273,2,10.120.21.78,1500448706,2017-07-19 07:18:26.479,page loaded,57,None
274,1,127.0.0.1,1500449576,2017-07-19 09:32:56.815,page loaded,118,None
275,1,127.0.0.1,1500449577,2017-07-19 09:32:57.596,page loaded,57,None
276,1,127.0.0.1,1500449578,2017-07-19 09:32:58.299,page loaded,57,None
277,1,127.0.0.1,1500450969,2017-07-19 09:56:09.390,page loaded,57,None
278,1,127.0.0.1,1500453270,2017-07-19 10:34:30.513,page loaded,127,None
279,1,127.0.0.1,1500453273,2017-07-19 10:34:33.358,page loaded,128,None
280,1,127.0.0.1,1500453274,2017-07-19 10:34:34.678,page loaded,127,None
281,1,127.0.0.1,1500453275,2017-07-19 10:34:35.841,page loaded,122,None
282,1,127.0.0.1,1500453371,2017-07-19 10:36:11.288,page loaded,129,None
283,1,127.0.0.1,1500453372,2017-07-19 10:36:12.632,page loaded,122,None
284,1,127.0.0.1,1500453376,2017-07-19 10:36:16.305,page loaded,121,None
285,1,127.0.0.1,1500453377,2017-07-19 10:36:17.569,page loaded,125,None
286,1,127.0.0.1,1500453379,2017-07-19 10:36:19.098,page loaded,127,None
287,1,127.0.0.1,1500453380,2017-07-19 10:36:20.657,page loaded,120,None
288,1,127.0.0.1,1500453407,2017-07-19 10:36:47.110,page loaded,121,None
289,1,127.0.0.1,1500453408,2017-07-19 10:36:48.484,page loaded,122,None
290,1,127.0.0.1,1500453410,2017-07-19 10:36:50.277,page loaded,125,None
291,1,127.0.0.1,1500453413,2017-07-19 10:36:53.235,page loaded,120,None
292,1,127.0.0.1,1500453414,2017-07-19 10:36:54.607,page loaded,121,None
293,1,127.0.0.1,1500453415,2017-07-19 10:36:55.624,page loaded,120,None
294,1,127.0.0.1,1500453416,2017-07-19 10:36:56.543,page loaded,57,None
295,1,127.0.0.1,1500453417,2017-07-19 10:36:57.568,page loaded,127,None
296,1,127.0.0.1,1500453463,2017-07-19 10:37:43.931,page loaded,119,None
297,1,127.0.0.1,1500453482,2017-07-19 10:38:02.966,page loaded,127,None
298,1,127.0.0.1,1500453488,2017-07-19 10:38:08.437,page loaded,57,None
299,1,127.0.0.1,1500453489,2017-07-19 10:38:09.665,page loaded,120,None
300,1,127.0.0.1,1500453624,2017-07-19 10:40:24.314,page loaded,57,None
301,1,127.0.0.1,1500453624,2017-07-19 10:40:24.700,page loaded,126,None
302,1,127.0.0.1,1500453628,2017-07-19 10:40:28.363,page loaded,119,None
303,1,127.0.0.1,1500453629,2017-07-19 10:40:29.373,page loaded,119,None
304,1,127.0.0.1,1500453630,2017-07-19 10:40:30.174,page loaded,121,None
305,1,127.0.0.1,1500453631,2017-07-19 10:40:31.028,page loaded,127,None
306,1,127.0.0.1,1500453652,2017-07-19 10:40:52.403,page loaded,119,None
307,1,127.0.0.1,1500453654,2017-07-19 10:40:54.322,page loaded,57,None
308,1,127.0.0.1,1500453655,2017-07-19 10:40:55.200,page loaded,127,None
309,1,127.0.0.1,1500453657,2017-07-19 10:40:57.377,page loaded,125,None
310,1,127.0.0.1,1500453660,2017-07-19 10:41:00.210,page loaded,119,None
311,1,127.0.0.1,1500453661,2017-07-19 10:41:01.277,page loaded,122,None
312,1,127.0.0.1,1500453663,2017-07-19 10:41:03.179,page loaded,125,None
313,1,127.0.0.1,1500453699,2017-07-19 10:41:39.899,page loaded,120,None
314,1,127.0.0.1,1500453700,2017-07-19 10:41:40.961,page loaded,120,None
315,1,127.0.0.1,1500453702,2017-07-19 10:41:42.043,page loaded,120,None
316,1,127.0.0.1,1500453702,2017-07-19 10:41:42.971,page loaded,57,None
317,1,127.0.0.1,1500453703,2017-07-19 10:41:43.779,page loaded,126,None
318,1,127.0.0.1,1500453705,2017-07-19 10:41:45.941,page loaded,122,None
319,1,127.0.0.1,1500453706,2017-07-19 10:41:46.749,page loaded,120,None
320,1,127.0.0.1,1500453718,2017-07-19 10:41:58.205,page loaded,119,None
321,1,127.0.0.1,1500453737,2017-07-19 10:42:17.141,page loaded,126,None
322,1,127.0.0.1,1500453740,2017-07-19 10:42:20.249,page loaded,122,None
323,1,127.0.0.1,1500453741,2017-07-19 10:42:21.071,page loaded,127,None
324,1,127.0.0.1,1500453742,2017-07-19 10:42:22.529,page loaded,121,None
325,1,127.0.0.1,1500453751,2017-07-19 10:42:31.807,page loaded,57,None
326,1,127.0.0.1,1500453754,2017-07-19 10:42:34.388,page loaded,121,None
327,1,127.0.0.1,1500453755,2017-07-19 10:42:35.396,page loaded,120,None
328,1,127.0.0.1,1500453756,2017-07-19 10:42:36.363,page loaded,125,None
329,1,127.0.0.1,1500453783,2017-07-19 10:43:03.343,page loaded,119,None
330,1,127.0.0.1,1500453792,2017-07-19 10:43:12.004,page loaded,121,None
331,1,127.0.0.1,1500453799,2017-07-19 10:43:19.726,page loaded,122,None
332,1,127.0.0.1,1500453801,2017-07-19 10:43:21.338,page loaded,57,None
333,1,127.0.0.1,1500453802,2017-07-19 10:43:22.583,page loaded,57,None
334,1,127.0.0.1,1500453803,2017-07-19 10:43:23.469,page loaded,127,None
335,1,127.0.0.1,1500453915,2017-07-19 10:45:15.220,page loaded,119,None
336,1,127.0.0.1,1500453921,2017-07-19 10:45:21.273,page loaded,126,None
337,1,127.0.0.1,1500453923,2017-07-19 10:45:23.319,page loaded,130,None
338,1,127.0.0.1,1500453925,2017-07-19 10:45:25.491,page loaded,125,None
339,1,127.0.0.1,1500453927,2017-07-19 10:45:27.443,page loaded,131,None
340,1,127.0.0.1,1500453928,2017-07-19 10:45:28.432,page loaded,121,None
341,1,127.0.0.1,1500453953,2017-07-19 10:45:53.579,page loaded,119,None
342,1,127.0.0.1,1500453961,2017-07-19 10:46:01.671,page loaded,120,None
343,1,127.0.0.1,1500453964,2017-07-19 10:46:04.757,page loaded,127,None
344,1,127.0.0.1,1500453969,2017-07-19 10:46:09.929,page loaded,132,None
345,1,127.0.0.1,1500453971,2017-07-19 10:46:11.586,page loaded,133,None
346,1,127.0.0.1,1500453972,2017-07-19 10:46:12.752,page loaded,120,None
347,1,127.0.0.1,1500454010,2017-07-19 10:46:50.988,page loaded,134,None
348,1,127.0.0.1,1500454013,2017-07-19 10:46:53.136,page loaded,135,None
349,1,127.0.0.1,1500454014,2017-07-19 10:46:54.041,page loaded,127,None
350,3,10.97.47.26,1500454132,2017-07-19 08:48:52.807,page loaded,119,None
351,1,127.0.0.1,1500454174,2017-07-19 10:49:34.155,page loaded,120,None
352,3,10.97.47.26,1500454179,2017-07-19 08:49:39.658,page loaded,126,None
353,2,10.120.21.78,1500454181,2017-07-19 08:49:41.957,page loaded,118,None
354,2,10.120.21.78,1500454183,2017-07-19 08:49:43.042,page loaded,128,None
355,1,127.0.0.1,1500454187,2017-07-19 10:49:47.283,page loaded,138,None
356,1,127.0.0.1,1500454191,2017-07-19 10:49:51.887,page loaded,139,None
357,1,127.0.0.1,1500454192,2017-07-19 10:49:52.825,page loaded,57,None
358,1,127.0.0.1,1500454195,2017-07-19 10:49:55.034,page loaded,140,None
359,1,127.0.0.1,1500454196,2017-07-19 10:49:56.671,page loaded,119,None
360,1,127.0.0.1,1500454237,2017-07-19 10:50:37.740,page loaded,141,None
361,1,127.0.0.1,1500454240,2017-07-19 10:50:40.222,page loaded,119,None
362,1,127.0.0.1,1500454272,2017-07-19 10:51:12.283,page loaded,121,None
363,1,127.0.0.1,1500454335,2017-07-19 10:52:15.618,page loaded,125,None
364,1,127.0.0.1,1500454340,2017-07-19 10:52:20.937,page loaded,142,None
365,1,127.0.0.1,1500454342,2017-07-19 10:52:22.485,page loaded,143,None
366,1,127.0.0.1,1500454343,2017-07-19 10:52:23.781,page loaded,144,None
367,1,127.0.0.1,1500454344,2017-07-19 10:52:24.840,page loaded,145,None
368,1,127.0.0.1,1500454345,2017-07-19 10:52:25.953,page loaded,146,None
369,1,127.0.0.1,1500454346,2017-07-19 10:52:26.871,page loaded,147,None
370,1,127.0.0.1,1500454347,2017-07-19 10:52:27.650,page loaded,125,None
371,1,127.0.0.1,1500454763,2017-07-19 10:59:23.097,started typing,125,None
372,1,127.0.0.1,1500454768,2017-07-19 10:59:28.275,submitted,125,minard map
373,1,127.0.0.1,1500454769,2017-07-19 10:59:29.361,page loaded,148,None
374,1,127.0.0.1,1500455936,2017-07-19 11:18:56.101,page loaded,57,None
375,1,127.0.0.1,1500457494,2017-07-19 11:44:54.009,started typing,57,None
376,1,127.0.0.1,1500457511,2017-07-19 11:45:11.743,submitted,57,diagram of the causes of mortality
377,1,127.0.0.1,1500457513,2017-07-19 11:45:13.348,page loaded,149,None
378,1,127.0.0.1,1500459190,2017-07-19 12:13:10.635,page loaded,150,None
379,1,127.0.0.1,1500462317,2017-07-19 13:05:17.359,page loaded,151,None
380,1,127.0.0.1,1500463091,2017-07-19 13:18:11.209,page loaded,152,None
381,1,127.0.0.1,1500463094,2017-07-19 13:18:14.388,started typing,152,None
382,1,127.0.0.1,1500463097,2017-07-19 13:18:17.062,submitted,152,scatter plot
383,1,127.0.0.1,1500463097,2017-07-19 13:18:17.652,page loaded,153,None
384,1,127.0.0.1,1500463099,2017-07-19 13:18:19.721,started typing,153,None
385,1,127.0.0.1,1500463101,2017-07-19 13:18:21.130,submitted,153,pie chart
386,1,127.0.0.1,1500463101,2017-07-19 13:18:21.733,page loaded,154,None
387,1,127.0.0.1,1500463102,2017-07-19 13:18:22.574,started typing,154,None
388,1,127.0.0.1,1500463104,2017-07-19 13:18:24.235,submitted,154,bar chart
389,1,127.0.0.1,1500463104,2017-07-19 13:18:24.855,page loaded,155,None
390,1,127.0.0.1,1500463105,2017-07-19 13:18:25.781,started typing,155,None
391,1,127.0.0.1,1500463107,2017-07-19 13:18:27.611,submitted,155,line chart
392,1,127.0.0.1,1500463108,2017-07-19 13:18:28.244,page loaded,156,None
393,1,127.0.0.1,1500463108,2017-07-19 13:18:28.852,started typing,156,None
394,1,127.0.0.1,1500463110,2017-07-19 13:18:30.226,submitted,156,bar chart
395,1,127.0.0.1,1500463110,2017-07-19 13:18:30.806,page loaded,157,None
396,1,127.0.0.1,1500463111,2017-07-19 13:18:31.462,started typing,157,None
397,1,127.0.0.1,1500463113,2017-07-19 13:18:33.541,submitted,157,line chart
398,1,127.0.0.1,1500463114,2017-07-19 13:18:34.115,page loaded,158,None
399,1,127.0.0.1,1500463114,2017-07-19 13:18:34.839,started typing,158,None
400,1,127.0.0.1,1500463116,2017-07-19 13:18:36.170,submitted,158,pie chart
401,1,127.0.0.1,1500463116,2017-07-19 13:18:36.765,page loaded,159,None
402,1,127.0.0.1,1500463117,2017-07-19 13:18:37.241,started typing,159,None
403,1,127.0.0.1,1500463118,2017-07-19 13:18:38.762,submitted,159,line chart
404,1,127.0.0.1,1500463119,2017-07-19 13:18:39.391,page loaded,160,None
405,1,127.0.0.1,1500463120,2017-07-19 13:18:40.383,started typing,160,None
406,1,127.0.0.1,1500463123,2017-07-19 13:18:43.950,submitted,160,scatter plot
407,1,127.0.0.1,1500463124,2017-07-19 13:18:44.537,page loaded,161,None
408,1,127.0.0.1,1500463125,2017-07-19 13:18:45.149,started typing,161,None
409,1,127.0.0.1,1500463126,2017-07-19 13:18:46.654,submitted,161,line chart
410,1,127.0.0.1,1500463127,2017-07-19 13:18:47.247,page loaded,162,None
411,1,127.0.0.1,1500463127,2017-07-19 13:18:47.773,started typing,162,None
412,1,127.0.0.1,1500463129,2017-07-19 13:18:49.085,submitted,162,pie chart
413,1,127.0.0.1,1500463129,2017-07-19 13:18:49.676,page loaded,163,None
414,1,127.0.0.1,1500463130,2017-07-19 13:18:50.371,started typing,163,None
415,1,127.0.0.1,1500463131,2017-07-19 13:18:51.873,submitted,163,line chart
416,1,127.0.0.1,1500463132,2017-07-19 13:18:52.483,page loaded,164,None
417,1,127.0.0.1,1500463133,2017-07-19 13:18:53.941,started typing,164,None
418,1,127.0.0.1,1500463136,2017-07-19 13:18:56.492,submitted,164,pie chat
419,1,127.0.0.1,1500463137,2017-07-19 13:18:57.176,page loaded,165,None
420,1,127.0.0.1,1500463138,2017-07-19 13:18:58.899,started typing,165,None
421,1,127.0.0.1,1500463141,2017-07-19 13:19:01.570,submitted,165,line chart
422,1,127.0.0.1,1500463142,2017-07-19 13:19:02.170,page loaded,166,None
423,1,127.0.0.1,1500463143,2017-07-19 13:19:03.097,started typing,166,None
424,1,127.0.0.1,1500463146,2017-07-19 13:19:06.805,submitted,166,scatter plot
425,1,127.0.0.1,1500463147,2017-07-19 13:19:07.415,page loaded,167,None
426,1,127.0.0.1,1500466503,2017-07-19 14:15:03.959,page loaded,168,None
427,1,127.0.0.1,1500466583,2017-07-19 14:16:23.115,page loaded,125,None
428,1,127.0.0.1,1500466584,2017-07-19 14:16:24.962,page loaded,169,None
429,1,127.0.0.1,1500466586,2017-07-19 14:16:26.826,page loaded,170,None
430,1,127.0.0.1,1500466601,2017-07-19 14:16:41.029,page loaded,171,None
431,1,127.0.0.1,1500466607,2017-07-19 14:16:47.291,page loaded,172,None
432,1,127.0.0.1,1500466626,2017-07-19 14:17:06.122,page loaded,120,None
433,1,127.0.0.1,1500466650,2017-07-19 14:17:30.473,page loaded,122,None
434,1,127.0.0.1,1500466767,2017-07-19 14:19:27.511,page loaded,57,None
435,8,10.35.162.25,1500474979,2017-07-19 14:36:19.319,page loaded,119,None
436,10,10.122.0.47,1500474981,2017-07-19 14:36:21.918,started typing,119,None
437,10,10.122.0.47,1500474983,2017-07-19 14:36:23.377,submitted,119,toto
